variable,count,mean,std,min,25%,50%,75%,max,original
dummy1,1000.0,-0.00020774009987580135,0.010183895354563547,-0.0387798133325486,-0.00696276127866905,-0.00030625099001004995,0.0064480619986388,0.0309853287241398,0.0036146090459025
dummy2,1000.0,0.0006892338092740814,0.010732822471821401,-0.0288240491247268,-0.0063488032000795,0.0008438158609493499,0.007613995738578925,0.0363589933411539,0.0155864247095416
x1,1000.0,-0.02083458569242852,3.077729590191373,-10.45597830956048,-2.0148988526718217,-0.11446944265162706,1.9665308100078758,28.20251676730193,28.20251676730193
x2,1000.0,0.24455469525216533,8.102812016886979,-21.14204466376729,-5.154804478139423,0.26875628363780274,5.538043555484,75.05195632060779,75.05195632060779
x3,1000.0,0.07358780434956154,1.8715682892208727,-5.101879244106791,-1.1510542065552176,0.05098737141408875,1.2517786738836958,17.75602773858479,17.75602773858479
